{"team": "東京大学", "pitches": [{"pitchType": "カーブ", "velo": 105.74408, "spinRate": 2368.580004, "ivb": 1.6372, "hb": 36.8232, "px": 0.142233, "pz": 0.390646, "result": "Undefined", "batterSide": "Right", "year": 2021}, {"pitchType": "チェンジアップ", "velo": 126.88298, "spinRate": 1889.252775, "ivb": 37.5326, "hb": -19.7889, "px": -0.43265, "pz": 0.787067, "result": "Undefined", "batterSide": "Right", "year": 2021}, {"pitchType": "カーブ", "velo": 105.74408, "spinRate": 2368.580004, "ivb": 1.6372, "hb": 36.8232, "px": 0.142233, "pz": 0.390646, "result": "Undefined", "batterSide": "Right", "year": 2021}, {"pitchType": "チェンジアップ", "velo": 126.88298, "spinRate": 1889.252775, "ivb": 37.5326, "hb": -19.7889, "px": -0.43265, "pz": 0.787067, "result": "Undefined", "batterSide": "Right", "year": 2021}], "batted": []}