{"team": "明治大学", "batted": [{"direction": -40.812344, "distance": null, "ev": 116.00966, "la": 39.528408, "result": "Out"}, {"direction": -40.812344, "distance": null, "ev": 116.00966, "la": 39.528408, "result": "Out"}], "impacts": [{"px": -0.034012645, "pz": 0.84659004, "result": "空振り"}, {"px": 0.33725253, "pz": 0.77883935, "result": "StrikeCalled"}, {"px": 0.39360857, "pz": 0.7490898, "result": "StrikeCalled"}]}